Timestamp,Messages Today,Active Now, Total Users
2026-03-26 13:58,4,5, 81
2026-03-26 16:24,536,6,81
2026-03-26 17:18,1824,5,82
2026-03-26 18:00,1826,5,82
2026-03-26 19:25,3645,4,83
2026-03-26 19:31,3946,4,83
2026-03-26 20:50,3954,4,83
2026-03-26 21:46,3954,3,83
2026-03-26 22:50,4027,6,83
2026-03-26 23:47,4054,2,83
2026-03-27 03:29,4054,1,83
2026-03-27 05:50,4059,2,83
2026-03-27 07:35,0,1,83
2026-03-27 09:07,0,1,83
2026-03-27 10:06,0,1,83
2026-03-27 11:06,0,1,83
2026-03-27 11:55,0,1,83
2026-03-27 13:43,0,2,83
2026-03-27 15:09,147,5,83
2026-03-27 16:05,504,4,83
2026-03-27 17:10,671,11,83
2026-03-27 18:04,675,5,83
2026-03-27 18:36,683,11,83
2026-03-27 19:11,1120,10,83
2026-03-27 19:52,1494,3,83
2026-03-27 20:55,2123,5,83
2026-03-27 21:51,2123,2,83
2026-03-27 22:52,2124,2,83
2026-03-27 23:46,2126,4,83
2026-03-28 03:15,2134,1,83
2026-03-28 05:35,2135,1,83
2026-03-28 07:14,0,1,83
2026-03-28 07:54,0,1,83
2026-03-28 08:57,0,1,83
2026-03-28 09:52,0,1,83
2026-03-28 10:51,0,1,83
2026-03-28 11:40,0,1,83
2026-03-28 13:19,0,2,83
2026-03-28 14:51,0,2,83
2026-03-28 15:46,2,1,83
2026-03-28 16:50,2,2,83
2026-03-28 17:46,2,1,83
2026-03-28 18:59,2,2,83
2026-03-28 19:44,2,1,83
2026-03-28 20:49,2,2,83
2026-03-28 21:44,2,2,83
2026-03-28 22:48,3,1,83
2026-03-28 23:46,3,1,83
2026-03-29 03:34,3,2,83
2026-03-29 05:50,3,1,83
2026-03-29 07:19,0,1,83
2026-03-29 08:58,0,1,83
2026-03-29 09:53,0,1,83
2026-03-29 10:53,0,1,83
2026-03-29 11:43,0,1,83
2026-03-29 13:19,0,1,83
2026-03-29 14:52,0,2,83
2026-03-29 15:46,0,2,83
2026-03-29 16:51,0,2,83
2026-03-29 17:47,0,2,83
2026-03-29 19:02,0,4,83
2026-03-29 19:46,0,3,83
2026-03-29 20:49,0,1,83
2026-03-29 21:47,0,1,83
2026-03-29 22:50,0,1,83
2026-03-29 23:48,0,1,83
2026-03-30 03:38,2,3,83
2026-03-30 06:06,0,2,83
2026-03-30 08:00,0,1,83
2026-03-30 09:47,0,1,83
2026-03-30 11:18,0,1,83
2026-03-30 14:02,1,2,83
2026-03-30 15:40,1,3,83
2026-03-30 17:12,1,1,83
2026-03-30 18:06,2,2,83
2026-03-30 22:56,8,4,83
2026-03-30 23:51,12,2,83
2026-03-31 03:29,12,2,83
2026-03-31 05:53,12,1,83
2026-03-31 07:44,0,1,83
2026-03-31 09:16,0,1,83
2026-03-31 11:10,0,1,83
2026-03-31 12:00,0,1,83
2026-03-31 14:01,0,1,83
2026-03-31 15:22,0,2,83
2026-03-31 17:13,0,4,83
2026-03-31 18:08,0,2,83
2026-03-31 19:18,0,3,83
2026-03-31 20:57,0,3,83
2026-03-31 21:54,0,3,83
2026-03-31 22:52,0,1,83
2026-03-31 23:49,1,3,83
2026-04-01 03:44,1,1,83
2026-04-01 06:03,0,1,83
2026-04-01 07:53,0,1,83
2026-04-01 09:21,0,1,83
2026-04-01 11:13,0,1,83
2026-04-01 12:02,0,1,83
2026-04-01 14:04,0,2,83
2026-04-01 15:41,0,2,83
2026-04-01 17:10,1,1,83
2026-04-01 18:03,6,3,83
2026-04-01 19:21,9,2,83
2026-04-01 21:01,9,1,83
2026-04-01 21:57,10,2,83
2026-04-01 22:57,11,3,83
2026-04-01 23:50,11,2,83
2026-04-02 03:25,347,3,83
2026-04-02 05:49,355,2,83
2026-04-02 07:40,0,2,83
2026-04-02 09:14,0,1,83
2026-04-02 10:12,0,1,83
2026-04-02 11:10,0,1,83
2026-04-02 11:58,0,1,83
2026-04-02 13:56,0,1,83
2026-04-02 15:15,0,2,83
2026-04-02 17:08,31,3,83
2026-04-02 18:00,31,2,83
2026-04-02 19:15,32,2,83
2026-04-02 20:53,33,1,83
2026-04-02 21:52,33,1,83
2026-04-02 22:50,35,2,83
2026-04-02 23:49,45,2,83
2026-04-03 03:27,53,3,83
2026-04-03 05:49,62,3,83
2026-04-03 07:37,0,2,83
2026-04-03 09:10,0,2,83
2026-04-03 10:02,0,2,83
2026-04-03 11:03,0,2,83
2026-04-03 11:52,0,2,83
2026-04-03 13:38,0,2,83
2026-04-03 15:01,0,2,83
2026-04-03 15:53,0,2,83
2026-04-03 16:57,0,2,83
2026-04-03 17:52,5,3,83
2026-04-03 19:05,5,2,83
2026-04-03 19:52,5,2,83
2026-04-03 20:53,5,2,83
2026-04-03 21:49,5,3,83
2026-04-03 22:53,5,3,83
2026-04-03 23:48,5,3,83
2026-04-04 03:15,56,3,84
2026-04-04 05:35,56,3,84
2026-04-04 07:17,0,3,84
2026-04-04 08:58,0,3,84
2026-04-04 09:54,0,2,84
2026-04-04 10:52,0,2,84
2026-04-04 11:42,0,2,84
2026-04-04 13:20,0,2,84
2026-04-04 20:49,0,3,84
2026-04-04 21:46,0,3,84
2026-04-04 22:49,0,3,84
2026-04-04 23:45,0,3,84
2026-04-05 03:36,1,4,84
2026-04-05 05:53,1,3,84
2026-04-05 07:32,0,3,84
2026-04-05 09:00,0,3,84
2026-04-05 09:55,0,3,84
2026-04-05 10:54,0,3,84
2026-04-05 11:44,0,3,84
2026-04-05 13:21,0,2,84
2026-04-05 14:53,0,3,84
2026-04-05 15:47,0,3,84
2026-04-05 16:53,0,3,84
2026-04-05 17:48,0,3,84
2026-04-05 19:03,0,3,84
2026-04-05 19:48,0,3,84
2026-04-05 20:50,0,3,84
2026-04-05 21:46,0,3,84
2026-04-05 22:50,0,2,84
2026-04-05 23:48,0,2,84
2026-04-06 03:40,53,3,84
2026-04-06 06:06,0,2,84
2026-04-06 08:01,0,2,84
2026-04-06 09:41,0,2,84
2026-04-06 11:12,0,2,84
2026-04-06 11:59,0,2,84
2026-04-06 13:45,3,3,84
2026-04-06 15:05,27,4,84
2026-04-06 16:00,27,5,84
2026-04-06 17:05,218,8,85
2026-04-06 18:04,305,9,86
2026-04-06 19:19,482,3,86
2026-04-06 20:55,525,7,87
2026-04-06 21:51,561,4,88
2026-04-06 22:55,595,4,88
2026-04-06 23:51,595,3,88
2026-04-07 03:30,610,3,89
2026-04-07 05:55,611,1,89
2026-04-07 07:49,0,1,89
2026-04-07 09:19,0,1,89
2026-04-07 11:14,0,1,89
2026-04-07 12:04,0,1,89
2026-04-07 14:01,3,4,89
2026-04-07 15:42,104,10,88
2026-04-07 17:15,191,8,89
2026-04-07 19:21,238,7,91
2026-04-07 21:02,301,2,91
2026-04-07 21:57,614,4,91
2026-04-07 22:57,1061,3,91
2026-04-07 23:54,1083,2,91
2026-04-08 03:31,1125,4,91
2026-04-08 05:57,1125,4,91
2026-04-08 07:52,0,3,91
2026-04-08 09:18,0,3,91
2026-04-08 11:15,0,2,91
2026-04-08 14:02,0,5,91
2026-04-08 15:43,51,14,93
2026-04-08 17:20,127,8,93
2026-04-08 19:40,1161,12,94
2026-04-08 21:01,1861,6,94
2026-04-08 21:59,2261,4,94
2026-04-08 23:00,2288,5,96
2026-04-08 23:52,2357,4,96
2026-04-09 03:28,2519,3,96
2026-04-09 05:57,2519,3,96
2026-04-09 07:54,0,2,96
2026-04-09 09:39,0,2,96
2026-04-09 11:16,0,2,96
2026-04-09 14:13,0,4,96
2026-04-09 15:56,1474,14,98
2026-04-09 17:21,2642,7,99
2026-04-09 18:51,2829,8,101
2026-04-09 19:36,2830,4,101
2026-04-09 21:02,2846,3,102
2026-04-09 22:00,2967,4,102
2026-04-09 23:00,2967,4,102
2026-04-09 23:52,3084,4,102
2026-04-10 03:40,3084,5,102
2026-04-10 06:07,0,4,102
2026-04-10 07:58,0,2,102
2026-04-10 09:38,0,2,102
2026-04-10 11:12,0,1,102
